id,dur,proto,service,state,spkts,dpkts,sbytes,dbytes,rate,sttl,dttl,sload,dload,sloss,dloss,sinpkt,dinpkt,sjit,djit,swin,stcpb,dtcpb,dwin,tcprtt,synack,ackdat,smean,dmean,trans_depth,response_body_len,ct_srv_src,ct_state_ttl,ct_dst_ltm,ct_src_dport_ltm,ct_dst_sport_ltm,ct_dst_src_ltm,is_ftp_login,ct_ftp_cmd,ct_flw_http_mthd,ct_src_ltm,ct_srv_dst,is_sm_ips_ports,attack_cat,label
2537,0.018319,tcp,-,FIN,16,18,1540,1644,1801.408417,31,29,630602.125,678203,4,4,1.2018,1.050882,73.141584,2.058473,255,1162203151,3316976579,255,0.000563,0.000451,0.000112,96,91,0,0,8,0,8,6,1,7,0,0,0,9,14,0,Normal,0
74014,0,udp,-,INT,2,0,89,0,0,254,0,0,0,0,0,0,0,0,0,0,0,0,0,0,0,0,45,0,0,0,9,2,5,5,1,9,0,0,0,5,9,0,Fuzzers,1
2538,0.018588,tcp,-,FIN,16,18,1540,1644,1775.338842,31,29,621476.1875,668388.1875,4,4,1.218533,1.065529,73.700273,2.113526,255,2629333016,2630097317,255,0.000646,0.000469,0.000177,96,91,0,0,16,0,4,4,1,4,0,0,0,6,4,0,Normal,0
74015,0.000004,qnx,-,INT,2,0,200,0,250000.0006,254,0,200000000,0,0,0,0.004,0,0,0,0,0,0,0,0,0,0,100,0,0,0,3,2,2,2,2,3,0,0,0,3,3,0,Analysis,1
2539,0.382931,tcp,-,FIN,28,30,4656,3080,148.851884,31,29,93802.80469,62214.86328,7,7,14.170815,13.186,775.610216,19.544373,255,922200017,925445352,255,0.000679,0.000531,0.000148,166,103,0,0,5,0,5,1,1,3,0,0,0,5,6,0,Normal,0
74016,6.167101,tcp,-,FIN,374,68,489444,2950,71.508478,254,252,633212.9375,3770.977783,184,2,16.436823,90.931133,1958.491432,111.68293,255,1821638030,991193380,255,0.163293,0.074706,0.088587,1309,43,0,0,5,1,1,1,1,1,0,0,0,2,1,0,Exploits,1
2540,0.018477,tcp,-,FIN,16,18,1540,1644,1786.004193,31,29,625209.6875,672403.5,4,4,1.210067,1.059941,73.824777,2.301197,255,959749272,963738925,255,0.000567,0.000455,0.000112,96,91,0,0,16,0,9,9,1,9,0,0,0,10,15,0,Normal,0
74017,0.000009,udp,-,INT,2,0,570,0,111111.1072,254,0,253333328,0,0,0,0.009,0,0,0,0,0,0,0,0,0,0,285,0,0,0,9,2,4,4,1,9,0,0,0,4,9,0,Fuzzers,1
