id,dur,proto,service,state,spkts,dpkts,sbytes,dbytes,rate,sttl,dttl,sload,dload,sloss,dloss,sinpkt,dinpkt,sjit,djit,swin,stcpb,dtcpb,dwin,tcprtt,synack,ackdat,smean,dmean,trans_depth,response_body_len,ct_srv_src,ct_state_ttl,ct_dst_ltm,ct_src_dport_ltm,ct_dst_sport_ltm,ct_dst_src_ltm,is_ftp_login,ct_ftp_cmd,ct_flw_http_mthd,ct_src_ltm,ct_srv_dst,is_sm_ips_ports,attack_cat,label
1,0.121478,tcp,-,FIN,6,4,258,172,74.08749,252,254,14158.94238,8495.365234,0,0,24.2956,8.375,30.177547,11.830604,255,621772692,2202533631,255,0,0,0,43,43,0,0,1,0,1,1,1,1,0,0,0,1,1,0,Normal,0
2,0.649902,tcp,-,FIN,14,38,734,42014,78.473372,62,252,8395.112305,503571.3125,2,17,49.915,15.432865,61.426934,1387.77833,255,1417884146,3077387971,255,0,0,0,52,1106,0,0,43,1,1,1,1,2,0,0,0,1,6,0,Normal,0
244,0.921987,ospf,-,INT,20,0,1280,0,20.607666,254,0,10551.125,0,0,0,48.525633,0,52.253805,0,0,0,0,0,0,0,0,64,0,0,0,1,2,1,1,1,2,0,0,0,1,1,0,Reconnaissance,1
245,0.921987,ospf,-,INT,20,0,1280,0,20.607666,254,0,10551.125,0,0,0,48.525633,0,52.253805,0,0,0,0,0,0,0,0,64,0,0,0,1,2,1,1,1,2,0,0,0,1,1,0,Reconnaissance,1
246,0.921987,ospf,-,INT,20,0,1280,0,20.607666,254,0,10551.125,0,0,0,48.525633,0,52.253805,0,0,0,0,0,0,0,0,64,0,0,0,1,2,1,1,1,2,0,0,0,1,1,0,Backdoor,1
247,0.921987,ospf,-,INT,20,0,1280,0,20.607666,254,0,10551.125,0,0,0,48.525633,0,52.253805,0,0,0,0,0,0,0,0,64,0,0,0,1,2,1,1,1,2,0,0,0,1,1,0,DoS,1
248,0.000009,sctp,-,INT,2,0,104,0,111111.1072,254,0,46222220,0,0,0,0.009,0,0,0,0,0,0,0,0,0,0,52,0,0,0,1,2,2,1,1,2,0,0,0,1,1,0,Exploits,1
249,0.000009,gre,-,INT,2,0,156,0,111111.1072,254,0,69333328,0,0,0,0.009,0,0,0,0,0,0,0,0,0,0,78,0,0,0,1,2,1,1,1,63,0,0,0,1,1,0,Normal,0